r_large_um,r_small_um,radius_ratio,collision_efficiency
6,0,0,0.001
8,0,0,0.001
10,0,0,0.001
15,0,0,0.001
20,0,0,0.001
25,0,0,0.001
30,0,0,0.001
40,0,0,0.001
50,0,0,0.001
60,0,0,0.001
70,0,0,0.001
100,0,0,0.001
150,0,0,0.001
200,0,0,0.001
300,0,0,0.001
6,0.3,0.05,0.003
8,0.4,0.05,0.003
10,0.5,0.05,0.003
15,0.75,0.05,0.004
20,1,0.05,0.005
25,1.25,0.05,0.005
30,1.5,0.05,0.005
40,2,0.05,0.01
50,2.5,0.05,0.1
60,3,0.05,0.05
70,3.5,0.05,0.2
100,5,0.05,0.5
150,7.5,0.05,0.77
200,10,0.05,0.87
300,15,0.05,0.97
6,0.6,0.1,0.007
8,0.8,0.1,0.007
10,1,0.1,0.007
15,1.5,0.1,0.008
20,2,0.1,0.009
25,2.5,0.1,0.01
30,3,0.1,0.01
40,4,0.1,0.07
50,5,0.1,0.4
60,6,0.1,0.43
70,7,0.1,0.58
100,10,0.1,0.79
150,15,0.1,0.93
200,20,0.1,0.96
300,30,0.1,1
6,0.9,0.15,0.009
8,1.2,0.15,0.009
10,1.5,0.15,0.009
15,2.25,0.15,0.012
20,3,0.15,0.015
25,3.75,0.15,0.01
30,4.5,0.15,0.02
40,6,0.15,0.28
50,7.5,0.15,0.6
60,9,0.15,0.64
70,10.5,0.15,0.75
100,15,0.15,0.91
150,22.5,0.15,0.97
200,30,0.15,0.98
300,45,0.15,1
6,1.2,0.2,0.014
8,1.6,0.2,0.014
10,2,0.2,0.014
15,3,0.2,0.015
20,4,0.2,0.016
25,5,0.2,0.03
30,6,0.2,0.06
40,8,0.2,0.5
50,10,0.2,0.7
60,12,0.2,0.77
70,14,0.2,0.84
100,20,0.2,0.95
150,30,0.2,0.97
200,40,0.2,1
300,60,0.2,1
6,1.5,0.25,0.017
8,2,0.25,0.017
10,2.5,0.25,0.017
15,3.75,0.25,0.02
20,5,0.25,0.022
25,6.25,0.25,0.06
30,7.5,0.25,0.1
40,10,0.25,0.62
50,12.5,0.25,0.78
60,15,0.25,0.84
70,17.5,0.25,0.88
100,25,0.25,0.95
150,37.5,0.25,1
200,50,0.25,1
300,75,0.25,1
6,1.8,0.3,0.03
8,2.4,0.3,0.03
10,3,0.3,0.024
15,4.5,0.3,0.022
20,6,0.3,0.032
25,7.5,0.3,0.062
30,9,0.3,0.2
40,12,0.3,0.68
50,15,0.3,0.83
60,18,0.3,0.87
70,21,0.3,0.9
100,30,0.3,0.95
150,45,0.3,1
200,60,0.3,1
300,90,0.3,1
6,2.1,0.35,0.025
8,2.8,0.35,0.025
10,3.5,0.35,0.025
15,5.25,0.35,0.036
20,7,0.35,0.043
25,8.75,0.35,0.13
30,10.5,0.35,0.27
40,14,0.35,0.74
50,17.5,0.35,0.86
60,21,0.35,0.89
70,24.5,0.35,0.92
100,35,0.35,1
150,52.5,0.35,1
200,70,0.35,1
300,105,0.35,1
6,2.4,0.4,0.027
8,3.2,0.4,0.027
10,4,0.4,0.027
15,6,0.4,0.04
20,8,0.4,0.052
25,10,0.4,0.2
30,12,0.4,0.4
40,16,0.4,0.78
50,20,0.4,0.88
60,24,0.4,0.9
70,28,0.4,0.94
100,40,0.4,1
150,60,0.4,1
200,80,0.4,1
300,120,0.4,1
6,2.7,0.45,0.03
8,3.6,0.45,0.03
10,4.5,0.45,0.03
15,6.75,0.45,0.047
20,9,0.45,0.064
25,11.25,0.45,0.25
30,13.5,0.45,0.5
40,18,0.45,0.8
50,22.5,0.45,0.9
60,27,0.45,0.91
70,31.5,0.45,0.95
100,45,0.45,1
150,67.5,0.45,1
200,90,0.45,1
300,135,0.45,1
6,3,0.5,0.04
8,4,0.5,0.04
10,5,0.5,0.033
15,7.5,0.5,0.037
20,10,0.5,0.068
25,12.5,0.5,0.24
30,15,0.5,0.55
40,20,0.5,0.8
50,25,0.5,0.9
60,30,0.5,0.91
70,35,0.5,0.95
100,50,0.5,1
150,75,0.5,1
200,100,0.5,1
300,150,0.5,1
6,3.3,0.55,0.035
8,4.4,0.55,0.035
10,5.5,0.55,0.035
15,8.25,0.55,0.055
20,11,0.55,0.079
25,13.75,0.55,0.29
30,16.5,0.55,0.58
40,22,0.55,0.8
50,27.5,0.55,0.9
60,33,0.55,0.91
70,38.5,0.55,0.95
100,55,0.55,1
150,82.5,0.55,1
200,110,0.55,1
300,165,0.55,1
6,3.6,0.6,0.037
8,4.8,0.6,0.037
10,6,0.6,0.037
15,9,0.6,0.062
20,12,0.6,0.082
25,15,0.6,0.29
30,18,0.6,0.59
40,24,0.6,0.78
50,30,0.6,0.9
60,36,0.6,0.91
70,42,0.6,0.95
100,60,0.6,1
150,90,0.6,1
200,120,0.6,1
300,180,0.6,1
6,3.9,0.65,0.037
8,5.2,0.65,0.037
10,6.5,0.65,0.037
15,9.75,0.65,0.06
20,13,0.65,0.08
25,16.25,0.65,0.29
30,19.5,0.65,0.58
40,26,0.65,0.77
50,32.5,0.65,0.89
60,39,0.65,0.91
70,45.5,0.65,0.95
100,65,0.65,1
150,97.5,0.65,1
200,130,0.65,1
300,195,0.65,1
6,4.2,0.7,0.037
8,5.6,0.7,0.037
10,7,0.7,0.037
15,10.5,0.7,0.041
20,14,0.7,0.075
25,17.5,0.7,0.25
30,21,0.7,0.54
40,28,0.7,0.76
50,35,0.7,0.88
60,42,0.7,0.92
70,49,0.7,0.95
100,70,0.7,1
150,105,0.7,1
200,140,0.7,1
300,210,0.7,1
6,4.5,0.75,0.037
8,6,0.75,0.037
10,7.5,0.75,0.037
15,11.25,0.75,0.052
20,15,0.75,0.067
25,18.75,0.75,0.25
30,22.5,0.75,0.51
40,30,0.75,0.77
50,37.5,0.75,0.88
60,45,0.75,0.93
70,52.5,0.75,0.97
100,75,0.75,1
150,112.5,0.75,1
200,150,0.75,1
300,225,0.75,1
6,4.8,0.8,0.037
8,6.4,0.8,0.037
10,8,0.8,0.037
15,12,0.8,0.047
20,16,0.8,0.057
25,20,0.8,0.25
30,24,0.8,0.49
40,32,0.8,0.77
50,40,0.8,0.89
60,48,0.8,0.95
70,56,0.8,1
100,80,0.8,1
150,120,0.8,1
200,160,0.8,1
300,240,0.8,1
6,5.1,0.85,0.036
8,6.8,0.85,0.036
10,8.5,0.85,0.036
15,12.75,0.85,0.042
20,17,0.85,0.048
25,21.25,0.85,0.23
30,25.5,0.85,0.47
40,34,0.85,0.78
50,42.5,0.85,0.92
60,51,0.85,1
70,59.5,0.85,1.02
100,85,0.85,1.02
150,127.5,0.85,1.02
200,170,0.85,1.02
300,255,0.85,1.02
6,5.4,0.9,0.04
8,7.2,0.9,0.04
10,9,0.9,0.035
15,13.5,0.9,0.033
20,18,0.9,0.04
25,22.5,0.9,0.112
30,27,0.9,0.45
40,36,0.9,0.79
50,45,0.9,1.01
60,54,0.9,1.03
70,63,0.9,1.04
100,90,0.9,1.04
150,135,0.9,1.04
200,180,0.9,1.04
300,270,0.9,1.04
6,5.7,0.95,0.033
8,7.6,0.95,0.033
10,9.5,0.95,0.033
15,14.25,0.95,0.033
20,19,0.95,0.033
25,23.75,0.95,0.119
30,28.5,0.95,0.47
40,38,0.95,0.95
50,47.5,0.95,1.3
60,57,0.95,1.7
70,66.5,0.95,2.3
100,95,0.95,2.3
150,142.5,0.95,2.3
200,190,0.95,2.3
300,285,0.95,2.3
6,6,1,0.027
8,8,1,0.027
10,10,1,0.027
15,15,1,0.027
20,20,1,0.027
25,25,1,0.125
30,30,1,0.52
40,40,1,1.4
50,50,1,2.3
60,60,1,3
70,70,1,4
100,100,1,4
150,150,1,4
200,200,1,4
300,300,1,4
